{"cameraMode":{"drawMode":0,"name":"Shaded","section":"Shading Mode"},"sceneLighting":false,"audioPlay":false,"sceneViewState":{"showFog":true,"showMaterialUpdate":false,"showSkybox":false,"showFlares":true,"showImageEffects":true,"showParticleSystems":true},"in2DMode":false,"pivot":{"x":0.5629665851593018,"y":-0.4096274971961975,"z":-0.4583393335342407},"rotation":{"x":-0.05253523215651512,"y":0.9474297761917114,"z":-0.22733812034130097,"w":-0.21894001960754395},"size":4.489622592926025,"orthographic":false}