{"cameraMode":{"drawMode":0,"name":"Shaded","section":"Shading Mode"},"sceneLighting":true,"audioPlay":false,"sceneViewState":{"showFog":true,"showMaterialUpdate":false,"showSkybox":false,"showFlares":true,"showImageEffects":true,"showParticleSystems":true},"in2DMode":false,"pivot":{"x":-17.68470001220703,"y":7.431990623474121,"z":55.34458541870117},"rotation":{"x":0.010314359329640866,"y":-0.9528979659080505,"z":0.3013664186000824,"w":0.032608140259981158},"size":14.552814483642579,"orthographic":false}