{"cameraMode":{"drawMode":0,"name":"Shaded","section":"Shading Mode"},"sceneLighting":false,"audioPlay":false,"sceneViewState":{"showFog":true,"showMaterialUpdate":false,"showSkybox":false,"showFlares":true,"showImageEffects":true,"showParticleSystems":true},"in2DMode":false,"pivot":{"x":4.29050350189209,"y":4.568662643432617,"z":56.478031158447269},"rotation":{"x":-0.15668800473213197,"y":-0.15428154170513154,"z":0.0247885100543499,"w":-0.9752095937728882},"size":4.705818176269531,"orthographic":false}