{"cameraMode":{"drawMode":0,"name":"Shaded","section":"Shading Mode"},"sceneLighting":false,"audioPlay":false,"sceneViewState":{"showFog":true,"showMaterialUpdate":false,"showSkybox":false,"showFlares":true,"showImageEffects":true,"showParticleSystems":true},"in2DMode":false,"pivot":{"x":-14.6068696975708,"y":3.7943873405456545,"z":44.781715393066409},"rotation":{"x":-0.05607160925865173,"y":-0.9432052969932556,"z":0.21172112226486207,"w":-0.24979501962661744},"size":8.36169719696045,"orthographic":false}