{"cameraMode":{"drawMode":0,"name":"Shaded","section":"Shading Mode"},"sceneLighting":false,"audioPlay":false,"sceneViewState":{"showFog":true,"showMaterialUpdate":false,"showSkybox":false,"showFlares":true,"showImageEffects":true,"showParticleSystems":true},"in2DMode":false,"pivot":{"x":-18.052356719970704,"y":-2.896977186203003,"z":42.96092224121094},"rotation":{"x":-0.07169371098279953,"y":0.9278572201728821,"z":-0.27335160970687868,"w":-0.24335606396198274},"size":14.753851890563965,"orthographic":false}