{"cameraMode":{"drawMode":0,"name":"Shaded","section":"Shading Mode"},"sceneLighting":true,"audioPlay":false,"sceneViewState":{"showFog":true,"showMaterialUpdate":false,"showSkybox":true,"showFlares":true,"showImageEffects":true,"showParticleSystems":true},"in2DMode":false,"pivot":{"x":260.21673583984377,"y":277.14398193359377,"z":65.235595703125},"rotation":{"x":-0.04797846078872681,"y":0.012290739454329014,"z":-0.0005891451728530228,"w":-0.9987748861312866},"size":148.3841552734375,"orthographic":false}