{"cameraMode":{"drawMode":0,"name":"Shaded","section":"Shading Mode"},"sceneLighting":false,"audioPlay":false,"sceneViewState":{"showFog":true,"showMaterialUpdate":false,"showSkybox":false,"showFlares":true,"showImageEffects":true,"showParticleSystems":true},"in2DMode":false,"pivot":{"x":251.441162109375,"y":186.99998474121095,"z":-45.410362243652347},"rotation":{"x":0.07382659614086151,"y":-0.925834059715271,"z":0.24939315021038056,"w":0.2742897570133209},"size":188.53160095214845,"orthographic":false}