{"cameraMode":{"drawMode":0,"name":"Shaded","section":"Shading Mode"},"sceneLighting":false,"audioPlay":false,"sceneViewState":{"showFog":true,"showMaterialUpdate":false,"showSkybox":false,"showFlares":true,"showImageEffects":true,"showParticleSystems":true},"in2DMode":false,"pivot":{"x":338.1353759765625,"y":210.98870849609376,"z":21.28446388244629},"rotation":{"x":-0.0027861224953085186,"y":-0.995451807975769,"z":0.09014422446489334,"w":-0.030761970207095147},"size":492.5368347167969,"orthographic":false}