{"cameraMode":{"drawMode":0,"name":"Shaded","section":"Shading Mode"},"sceneLighting":true,"audioPlay":false,"sceneViewState":{"showFog":true,"showMaterialUpdate":false,"showSkybox":false,"showFlares":true,"showImageEffects":true,"showParticleSystems":true},"in2DMode":false,"pivot":{"x":0.0,"y":5.590000152587891,"z":24.130001068115236},"rotation":{"x":0.08951535820960999,"y":-0.6374545097351074,"z":0.07492433488368988,"w":0.7615944743156433},"size":12.734108924865723,"orthographic":false}