{"cameraMode":{"drawMode":0,"name":"Shaded","section":"Shading Mode"},"sceneLighting":false,"audioPlay":false,"sceneViewState":{"showFog":true,"showMaterialUpdate":false,"showSkybox":false,"showFlares":true,"showImageEffects":true,"showParticleSystems":true},"in2DMode":false,"pivot":{"x":-10.002662658691407,"y":2.986682415008545,"z":41.41307067871094},"rotation":{"x":-0.045007407665252689,"y":-0.7759907245635986,"z":0.05575445294380188,"w":-0.6267779469490051},"size":1.207395076751709,"orthographic":false}