{"cameraMode":{"drawMode":0,"name":"Shaded","section":"Shading Mode"},"sceneLighting":false,"audioPlay":false,"sceneViewState":{"showFog":true,"showMaterialUpdate":false,"showSkybox":false,"showFlares":true,"showImageEffects":true,"showParticleSystems":true},"in2DMode":false,"pivot":{"x":-123.98800659179688,"y":2.034330368041992,"z":45.2153205871582},"rotation":{"x":-0.08020831644535065,"y":0.8047005534172058,"z":-0.11175913363695145,"w":-0.5775257349014282},"size":2.115478038787842,"orthographic":false}