{"cameraMode":{"drawMode":0,"name":"Shaded","section":"Shading Mode"},"sceneLighting":false,"audioPlay":false,"sceneViewState":{"showFog":true,"showMaterialUpdate":false,"showSkybox":false,"showFlares":true,"showImageEffects":true,"showParticleSystems":true},"in2DMode":false,"pivot":{"x":-0.16728080809116364,"y":2.579345226287842,"z":-0.8393491506576538},"rotation":{"x":0.019813697785139085,"y":0.4588121175765991,"z":-0.010036184452474118,"w":0.8883312940597534},"size":1.140295147895813,"orthographic":false}