{"cameraMode":{"drawMode":0,"name":"Shaded","section":"Shading Mode"},"sceneLighting":true,"audioPlay":false,"sceneViewState":{"showFog":true,"showMaterialUpdate":false,"showSkybox":true,"showFlares":true,"showImageEffects":true,"showParticleSystems":true},"in2DMode":false,"pivot":{"x":215.53564453125,"y":107.99626159667969,"z":-367.8425598144531},"rotation":{"x":0.02836528979241848,"y":0.9635165333747864,"z":-0.24070610105991364,"w":0.11354264616966248},"size":41.74462127685547,"orthographic":false}