{"cameraMode":{"drawMode":0,"name":"Shaded","section":"Shading Mode"},"sceneLighting":true,"audioPlay":false,"sceneViewState":{"showFog":true,"showMaterialUpdate":false,"showSkybox":true,"showFlares":true,"showImageEffects":true,"showParticleSystems":true},"in2DMode":false,"pivot":{"x":-8.631187438964844,"y":2.0807204246520998,"z":17.958759307861329},"rotation":{"x":0.02193916216492653,"y":0.9674946069717407,"z":-0.09023730456829071,"w":0.23522451519966126},"size":9.579004287719727,"orthographic":false}