{"cameraMode":{"drawMode":0,"name":"Shaded","section":"Shading Mode"},"sceneLighting":false,"audioPlay":false,"sceneViewState":{"showFog":true,"showMaterialUpdate":false,"showSkybox":false,"showFlares":true,"showImageEffects":true,"showParticleSystems":true},"in2DMode":false,"pivot":{"x":416.64166259765627,"y":229.80149841308595,"z":-19.368066787719728},"rotation":{"x":-0.11549241840839386,"y":-0.49956175684928896,"z":0.06738199293613434,"w":-0.8559296727180481},"size":10.0,"orthographic":false}