{"cameraMode":{"drawMode":0,"name":"Shaded","section":"Shading Mode"},"sceneLighting":false,"audioPlay":false,"sceneViewState":{"showFog":true,"showMaterialUpdate":false,"showSkybox":false,"showFlares":true,"showImageEffects":true,"showParticleSystems":true},"in2DMode":false,"pivot":{"x":319.58001708984377,"y":239.78256225585938,"z":0.2234547734260559},"rotation":{"x":-0.0936824381351471,"y":-0.8320798277854919,"z":0.14805494248867036,"w":-0.5263023972511292},"size":400.4669494628906,"orthographic":false}