{"cameraMode":{"drawMode":0,"name":"Shaded","section":"Shading Mode"},"sceneLighting":false,"audioPlay":false,"sceneViewState":{"showFog":true,"showMaterialUpdate":false,"showSkybox":false,"showFlares":true,"showImageEffects":true,"showParticleSystems":true},"in2DMode":false,"pivot":{"x":-7.665055274963379,"y":5.5717597007751469,"z":55.057884216308597},"rotation":{"x":-0.03254789859056473,"y":0.9568865895271301,"z":-0.11829429864883423,"w":-0.2632816433906555},"size":4.185377597808838,"orthographic":false}