{"cameraMode":{"drawMode":0,"name":"Shaded","section":"Shading Mode"},"sceneLighting":true,"audioPlay":false,"sceneViewState":{"showFog":true,"showMaterialUpdate":false,"showSkybox":false,"showFlares":true,"showImageEffects":true,"showParticleSystems":true},"in2DMode":false,"pivot":{"x":-18.75208282470703,"y":1.580251932144165,"z":68.92085266113281},"rotation":{"x":0.02981642074882984,"y":0.966855525970459,"z":-0.13339224457740785,"w":0.21577779948711396},"size":2.2185962200164797,"orthographic":false}