{"cameraMode":{"drawMode":0,"name":"Shaded","section":"Shading Mode"},"sceneLighting":true,"audioPlay":false,"sceneViewState":{"showFog":true,"showMaterialUpdate":false,"showSkybox":true,"showFlares":true,"showImageEffects":true,"showParticleSystems":true},"in2DMode":false,"pivot":{"x":-44.2400016784668,"y":2.716799259185791,"z":59.24825668334961},"rotation":{"x":-0.10893139988183975,"y":-0.8831000924110413,"z":0.2535691559314728,"w":-0.379484623670578},"size":4.161393642425537,"orthographic":false}