{"cameraMode":{"drawMode":0,"name":"Shaded","section":"Shading Mode"},"sceneLighting":false,"audioPlay":false,"sceneViewState":{"showFog":true,"showMaterialUpdate":false,"showSkybox":false,"showFlares":true,"showImageEffects":true,"showParticleSystems":true},"in2DMode":false,"pivot":{"x":3.006612777709961,"y":5.932669162750244,"z":1.2047138214111329},"rotation":{"x":-0.18003147840499879,"y":0.5196009278297424,"z":-0.11306443810462952,"w":-0.8276268243789673},"size":7.1502275466918949,"orthographic":false}