{"cameraMode":{"drawMode":0,"name":"Shaded","section":"Shading Mode"},"sceneLighting":true,"audioPlay":false,"sceneViewState":{"showFog":true,"showMaterialUpdate":false,"showSkybox":false,"showFlares":true,"showImageEffects":true,"showParticleSystems":true},"in2DMode":false,"pivot":{"x":-11.685707092285157,"y":6.012058734893799,"z":24.203062057495118},"rotation":{"x":0.04673619940876961,"y":0.7794464826583862,"z":-0.05856820195913315,"w":0.6219730377197266},"size":9.480046272277832,"orthographic":false}