{"cameraMode":{"drawMode":0,"name":"Shaded","section":"Shading Mode"},"sceneLighting":true,"audioPlay":false,"sceneViewState":{"showFog":true,"showMaterialUpdate":false,"showSkybox":true,"showFlares":true,"showImageEffects":true,"showParticleSystems":true},"in2DMode":false,"pivot":{"x":-16.709863662719728,"y":2.480990171432495,"z":38.21327590942383},"rotation":{"x":-0.010310374200344086,"y":0.9528956413269043,"z":-0.30136609077453616,"w":-0.0326007716357708},"size":2.839515447616577,"orthographic":false}