{"cameraMode":{"drawMode":0,"name":"Shaded","section":"Shading Mode"},"sceneLighting":false,"audioPlay":false,"sceneViewState":{"showFog":true,"showMaterialUpdate":false,"showSkybox":false,"showFlares":true,"showImageEffects":true,"showParticleSystems":true},"in2DMode":false,"pivot":{"x":-0.6078488826751709,"y":1.4307169914245606,"z":4.022793292999268},"rotation":{"x":-0.00897766649723053,"y":0.9888467788696289,"z":-0.06684882938861847,"w":-0.13280092179775239},"size":1.0082645416259766,"orthographic":false}