{"cameraMode":{"drawMode":0,"name":"Shaded","section":"Shading Mode"},"sceneLighting":false,"audioPlay":false,"sceneViewState":{"showFog":true,"showMaterialUpdate":false,"showSkybox":false,"showFlares":true,"showImageEffects":true,"showParticleSystems":true},"in2DMode":false,"pivot":{"x":-0.16134989261627198,"y":5.582577228546143,"z":57.16860580444336},"rotation":{"x":0.032462675124406818,"y":-0.9356068968772888,"z":0.08923795819282532,"w":0.34008756279945376},"size":3.069944381713867,"orthographic":false}