{"cameraMode":{"drawMode":0,"name":"Shaded","section":"Shading Mode"},"sceneLighting":false,"audioPlay":false,"sceneViewState":{"showFog":true,"showMaterialUpdate":false,"showSkybox":false,"showFlares":true,"showImageEffects":true,"showParticleSystems":true},"in2DMode":false,"pivot":{"x":-6.245761394500732,"y":10.075641632080079,"z":54.6676139831543},"rotation":{"x":0.02280322089791298,"y":-0.9768735766410828,"z":0.16326317191123963,"w":0.13631220161914826},"size":4.999288082122803,"orthographic":false}