{"cameraMode":{"drawMode":0,"name":"Shaded","section":"Shading Mode"},"sceneLighting":false,"audioPlay":false,"sceneViewState":{"showFog":true,"showMaterialUpdate":false,"showSkybox":false,"showFlares":true,"showImageEffects":true,"showParticleSystems":true},"in2DMode":false,"pivot":{"x":-13.359781265258789,"y":-0.9538393020629883,"z":74.67003631591797},"rotation":{"x":0.22536934912204743,"y":0.6568114161491394,"z":-0.21551479399204255,"w":0.686596691608429},"size":4.5207133293151859,"orthographic":false}