{"cameraMode":{"drawMode":0,"name":"Shaded","section":"Shading Mode"},"sceneLighting":false,"audioPlay":false,"sceneViewState":{"showFog":true,"showMaterialUpdate":false,"showSkybox":false,"showFlares":true,"showImageEffects":true,"showParticleSystems":true},"in2DMode":false,"pivot":{"x":686.5772705078125,"y":-159.9136962890625,"z":-4.91770076751709},"rotation":{"x":-0.0008027370786294341,"y":-0.9825901985168457,"z":0.18613006174564362,"w":-0.0043518575839698318},"size":1108.3514404296875,"orthographic":false}