{"cameraMode":{"drawMode":0,"name":"Shaded","section":"Shading Mode"},"sceneLighting":false,"audioPlay":false,"sceneViewState":{"showFog":true,"showMaterialUpdate":false,"showSkybox":false,"showFlares":true,"showImageEffects":true,"showParticleSystems":true},"in2DMode":false,"pivot":{"x":0.0005266964435577393,"y":0.8539397120475769,"z":0.02132491022348404},"rotation":{"x":0.16356588900089265,"y":0.7410160899162293,"z":-0.19506332278251649,"w":0.6213630437850952},"size":1.0317414999008179,"orthographic":false}