{"cameraMode":{"drawMode":0,"name":"Shaded","section":"Shading Mode"},"sceneLighting":false,"audioPlay":false,"sceneViewState":{"showFog":true,"showMaterialUpdate":false,"showSkybox":false,"showFlares":true,"showImageEffects":true,"showParticleSystems":true},"in2DMode":false,"pivot":{"x":-23.505325317382814,"y":1.5215461254119874,"z":53.43588638305664},"rotation":{"x":-0.07169371098279953,"y":0.9278572201728821,"z":-0.27335160970687868,"w":-0.24335606396198274},"size":17.238502502441408,"orthographic":false}