{"cameraMode":{"drawMode":0,"name":"Shaded","section":"Shading Mode"},"sceneLighting":false,"audioPlay":false,"sceneViewState":{"showFog":true,"showMaterialUpdate":false,"showSkybox":false,"showFlares":true,"showImageEffects":true,"showParticleSystems":true},"in2DMode":false,"pivot":{"x":-9.829473495483399,"y":2.713939666748047,"z":41.861324310302737},"rotation":{"x":0.008487675338983536,"y":0.3325307071208954,"z":-0.0029928581789135935,"w":0.9430493712425232},"size":1.0317411422729493,"orthographic":false}