{"cameraMode":{"drawMode":0,"name":"Shaded","section":"Shading Mode"},"sceneLighting":false,"audioPlay":false,"sceneViewState":{"showFog":true,"showMaterialUpdate":false,"showSkybox":false,"showFlares":true,"showImageEffects":true,"showParticleSystems":true},"in2DMode":false,"pivot":{"x":0.5419921875,"y":0.7985291481018066,"z":3.772428035736084},"rotation":{"x":0.04746995493769646,"y":-0.7609120607376099,"z":0.056027963757514957,"w":0.6446862816810608},"size":0.8867371678352356,"orthographic":true}