{"cameraMode":{"drawMode":0,"name":"Shaded","section":"Shading Mode"},"sceneLighting":false,"audioPlay":false,"sceneViewState":{"showFog":true,"showMaterialUpdate":false,"showSkybox":false,"showFlares":true,"showImageEffects":true,"showParticleSystems":true},"in2DMode":false,"pivot":{"x":275.79901123046877,"y":124.10980224609375,"z":-305.2467956542969},"rotation":{"x":0.07477573305368424,"y":0.9065735936164856,"z":-0.37393105030059817,"w":0.18124647438526154},"size":32.13373947143555,"orthographic":false}