{"cameraMode":{"drawMode":0,"name":"Shaded","section":"Shading Mode"},"sceneLighting":false,"audioPlay":false,"sceneViewState":{"showFog":true,"showMaterialUpdate":false,"showSkybox":false,"showFlares":true,"showImageEffects":true,"showParticleSystems":true},"in2DMode":false,"pivot":{"x":-0.06957578659057617,"y":5.554300308227539,"z":-0.009556101635098458},"rotation":{"x":0.08767853677272797,"y":-0.8455584049224854,"z":0.14653471112251283,"w":0.5058726668357849},"size":1.1729295253753663,"orthographic":false}