{"cameraMode":{"drawMode":0,"name":"Shaded","section":"Shading Mode"},"sceneLighting":false,"audioPlay":false,"sceneViewState":{"showFog":true,"showMaterialUpdate":false,"showSkybox":false,"showFlares":true,"showImageEffects":true,"showParticleSystems":true},"in2DMode":false,"pivot":{"x":-27.051616668701173,"y":2.8192996978759767,"z":56.4222297668457},"rotation":{"x":0.34692147374153139,"y":0.48745477199554446,"z":-0.21944023668766023,"w":0.7706355452537537},"size":15.565614700317383,"orthographic":false}