{"cameraMode":{"drawMode":0,"name":"Shaded","section":"Shading Mode"},"sceneLighting":false,"audioPlay":false,"sceneViewState":{"showFog":true,"showMaterialUpdate":false,"showSkybox":false,"showFlares":true,"showImageEffects":true,"showParticleSystems":true},"in2DMode":false,"pivot":{"x":-30.071720123291017,"y":10.408571243286133,"z":56.46779251098633},"rotation":{"x":-0.03254789859056473,"y":0.9568865895271301,"z":-0.11829429864883423,"w":-0.2632816433906555},"size":7.4571614265441898,"orthographic":false}