{"cameraMode":{"drawMode":0,"name":"Shaded","section":"Shading Mode"},"sceneLighting":false,"audioPlay":false,"sceneViewState":{"showFog":true,"showMaterialUpdate":false,"showSkybox":false,"showFlares":true,"showImageEffects":true,"showParticleSystems":true},"in2DMode":false,"pivot":{"x":-6.671820163726807,"y":2.268226385116577,"z":56.02688980102539},"rotation":{"x":-0.02605142816901207,"y":0.9735434055328369,"z":-0.1456434577703476,"w":-0.17413969337940217},"size":1.3267543315887452,"orthographic":false}