{"cameraMode":{"drawMode":0,"name":"Shaded","section":"Shading Mode"},"sceneLighting":false,"audioPlay":false,"sceneViewState":{"showFog":true,"showMaterialUpdate":false,"showSkybox":false,"showFlares":true,"showImageEffects":true,"showParticleSystems":true},"in2DMode":false,"pivot":{"x":3.068082809448242,"y":0.9777529835700989,"z":0.7390525937080383},"rotation":{"x":-0.0027861224953085186,"y":-0.995451807975769,"z":0.09014422446489334,"w":-0.030761970207095147},"size":1.5230762958526612,"orthographic":false}