{"cameraMode":{"drawMode":0,"name":"Shaded","section":"Shading Mode"},"sceneLighting":false,"audioPlay":false,"sceneViewState":{"showFog":true,"showMaterialUpdate":false,"showSkybox":false,"showFlares":true,"showImageEffects":true,"showParticleSystems":true},"in2DMode":false,"pivot":{"x":-123.05975341796875,"y":2.1337950229644777,"z":43.91423797607422},"rotation":{"x":0.06078768149018288,"y":-0.5163918137550354,"z":0.03676737844944,"w":0.8534222841262817},"size":0.6154781579971314,"orthographic":false}