{"cameraMode":{"drawMode":0,"name":"Shaded","section":"Shading Mode"},"sceneLighting":false,"audioPlay":false,"sceneViewState":{"showFog":true,"showMaterialUpdate":false,"showSkybox":false,"showFlares":true,"showImageEffects":true,"showParticleSystems":true},"in2DMode":false,"pivot":{"x":-8.931778907775879,"y":-0.4738345146179199,"z":39.93135070800781},"rotation":{"x":-0.0008027370786294341,"y":-0.9825901985168457,"z":0.18613006174564362,"w":-0.0043518575839698318},"size":7.1874775886535648,"orthographic":false}