{"cameraMode":{"drawMode":0,"name":"Shaded","section":"Shading Mode"},"sceneLighting":true,"audioPlay":false,"sceneViewState":{"showFog":true,"showMaterialUpdate":false,"showSkybox":true,"showFlares":true,"showImageEffects":true,"showParticleSystems":true},"in2DMode":false,"pivot":{"x":-18.043519973754884,"y":1.7429860830307007,"z":33.93817138671875},"rotation":{"x":-0.27921411395072939,"y":-0.17590788006782533,"z":0.05211050063371658,"w":-0.9425395131111145},"size":22.297420501708986,"orthographic":false}