{"cameraMode":{"drawMode":0,"name":"Shaded","section":"Shading Mode"},"sceneLighting":true,"audioPlay":false,"sceneViewState":{"showFog":true,"showMaterialUpdate":false,"showSkybox":true,"showFlares":true,"showImageEffects":true,"showParticleSystems":true},"in2DMode":false,"pivot":{"x":-11.859090805053711,"y":4.603158473968506,"z":20.192916870117189},"rotation":{"x":0.09406202286481857,"y":0.5135836601257324,"z":-0.05677881836891174,"w":0.8509785532951355},"size":37.97904968261719,"orthographic":false}