{"cameraMode":{"drawMode":0,"name":"Shaded","section":"Shading Mode"},"sceneLighting":false,"audioPlay":false,"sceneViewState":{"showFog":true,"showMaterialUpdate":false,"showSkybox":false,"showFlares":true,"showImageEffects":true,"showParticleSystems":true},"in2DMode":false,"pivot":{"x":-161.68580627441407,"y":47.75027084350586,"z":-90.58143615722656},"rotation":{"x":0.06351237744092941,"y":0.749122142791748,"z":-0.07258788496255875,"w":0.6553858518600464},"size":2.716740846633911,"orthographic":false}