{"cameraMode":{"drawMode":0,"name":"Shaded","section":"Shading Mode"},"sceneLighting":false,"audioPlay":false,"sceneViewState":{"showFog":true,"showMaterialUpdate":false,"showSkybox":false,"showFlares":true,"showImageEffects":true,"showParticleSystems":true},"in2DMode":false,"pivot":{"x":-123.0211181640625,"y":1.717952847480774,"z":43.2332763671875},"rotation":{"x":0.08767853677272797,"y":-0.8455584049224854,"z":0.14653471112251283,"w":0.5058726668357849},"size":3.253061294555664,"orthographic":false}