{"cameraMode":{"drawMode":0,"name":"Shaded","section":"Shading Mode"},"sceneLighting":false,"audioPlay":false,"sceneViewState":{"showFog":true,"showMaterialUpdate":false,"showSkybox":false,"showFlares":true,"showImageEffects":true,"showParticleSystems":true},"in2DMode":false,"pivot":{"x":0.03466054052114487,"y":0.7325130105018616,"z":-3.6301755905151369},"rotation":{"x":0.04279141500592232,"y":0.7462815642356873,"z":-0.048201870173215869,"w":0.6625045537948608},"size":5.074465274810791,"orthographic":false}