{"cameraMode":{"drawMode":0,"name":"Shaded","section":"Shading Mode"},"sceneLighting":true,"audioPlay":false,"sceneViewState":{"showFog":true,"showMaterialUpdate":false,"showSkybox":true,"showFlares":true,"showImageEffects":true,"showParticleSystems":true},"in2DMode":false,"pivot":{"x":-115.4069595336914,"y":5.7763590812683109,"z":47.81196975708008},"rotation":{"x":-0.15904395282268525,"y":0.7506065368652344,"z":-0.19544923305511475,"w":-0.6109340786933899},"size":3.928847074508667,"orthographic":false}