{"cameraMode":{"drawMode":0,"name":"Shaded","section":"Shading Mode"},"sceneLighting":true,"audioPlay":false,"sceneViewState":{"showFog":true,"showMaterialUpdate":true,"showSkybox":true,"showFlares":true,"showImageEffects":true,"showParticleSystems":true},"in2DMode":false,"pivot":{"x":16.42828369140625,"y":-5.8892974853515629,"z":21.12157440185547},"rotation":{"x":0.3276914656162262,"y":-0.014171050861477852,"z":0.0049157412722706799,"w":0.944665789604187},"size":26.682592391967775,"orthographic":false}