{"cameraMode":{"drawMode":0,"name":"Shaded","section":"Shading Mode"},"sceneLighting":true,"audioPlay":false,"sceneViewState":{"showFog":true,"showMaterialUpdate":true,"showSkybox":true,"showFlares":true,"showImageEffects":true,"showParticleSystems":true},"in2DMode":false,"pivot":{"x":-1.5085718631744385,"y":-7.353858947753906,"z":7.621879577636719},"rotation":{"x":0.4362950325012207,"y":-0.008906153030693531,"z":0.004318570252507925,"w":0.8997505307197571},"size":62.02082443237305,"orthographic":false}