{"cameraMode":{"drawMode":0,"name":"Shaded","section":"Shading Mode"},"sceneLighting":false,"audioPlay":false,"sceneViewState":{"showFog":true,"showMaterialUpdate":false,"showSkybox":false,"showFlares":true,"showImageEffects":true,"showParticleSystems":true},"in2DMode":false,"pivot":{"x":-0.36091309785842898,"y":1.7341539859771729,"z":3.0713765621185304},"rotation":{"x":0.07876591384410858,"y":-0.19460727274417878,"z":0.015679828822612764,"w":0.9775879383087158},"size":1.3455843925476075,"orthographic":false}