{"cameraMode":{"drawMode":0,"name":"Shaded","section":"Shading Mode"},"sceneLighting":false,"audioPlay":false,"sceneViewState":{"showFog":true,"showMaterialUpdate":false,"showSkybox":false,"showFlares":true,"showImageEffects":true,"showParticleSystems":true},"in2DMode":false,"pivot":{"x":14.151082992553711,"y":1.1451070308685303,"z":17.180822372436525},"rotation":{"x":-0.05388850346207619,"y":0.12012771517038346,"z":-0.006530687212944031,"w":-0.9912741184234619},"size":1.2247449159622193,"orthographic":false}