{"cameraMode":{"drawMode":0,"name":"Shaded","section":"Shading Mode"},"sceneLighting":false,"audioPlay":false,"sceneViewState":{"showFog":true,"showMaterialUpdate":false,"showSkybox":false,"showFlares":true,"showImageEffects":true,"showParticleSystems":true},"in2DMode":false,"pivot":{"x":-4.5467209815979,"y":5.059635162353516,"z":3.5626115798950197},"rotation":{"x":0.08570221811532974,"y":0.6821333765983582,"z":-0.08100403100252152,"w":0.7216813564300537},"size":4.863500118255615,"orthographic":false}