{"cameraMode":{"drawMode":0,"name":"Shaded","section":"Shading Mode"},"sceneLighting":false,"audioPlay":false,"sceneViewState":{"showFog":true,"showMaterialUpdate":false,"showSkybox":false,"showFlares":true,"showImageEffects":true,"showParticleSystems":true},"in2DMode":false,"pivot":{"x":-9.808549880981446,"y":3.7372257709503176,"z":40.73521041870117},"rotation":{"x":0.28505051136016848,"y":-0.6252052187919617,"z":0.2631617486476898,"w":0.6772106885910034},"size":4.764648914337158,"orthographic":false}