{"cameraMode":{"drawMode":0,"name":"Shaded","section":"Shading Mode"},"sceneLighting":false,"audioPlay":false,"sceneViewState":{"showFog":true,"showMaterialUpdate":false,"showSkybox":true,"showFlares":true,"showImageEffects":true,"showParticleSystems":true},"in2DMode":false,"pivot":{"x":-16.860000610351564,"y":2.869999885559082,"z":35.2599983215332},"rotation":{"x":0.058332379907369617,"y":0.5972083210945129,"z":-0.04361259937286377,"w":0.798772931098938},"size":1.3114871978759766,"orthographic":false}