{"cameraMode":{"drawMode":0,"name":"Shaded","section":"Shading Mode"},"sceneLighting":false,"audioPlay":false,"sceneViewState":{"showFog":true,"showMaterialUpdate":false,"showSkybox":false,"showFlares":true,"showImageEffects":true,"showParticleSystems":true},"in2DMode":false,"pivot":{"x":-13.210000038146973,"y":2.1929843425750734,"z":59.14300537109375},"rotation":{"x":-0.3498709797859192,"y":-0.3144891560077667,"z":0.1259782314300537,"w":-0.8734007477760315},"size":1.667680025100708,"orthographic":false}