{"cameraMode":{"drawMode":0,"name":"Shaded","section":"Shading Mode"},"sceneLighting":true,"audioPlay":false,"sceneViewState":{"showFog":true,"showMaterialUpdate":false,"showSkybox":true,"showFlares":true,"showImageEffects":true,"showParticleSystems":true},"in2DMode":false,"pivot":{"x":10.207569122314454,"y":1.9824228286743165,"z":16.882349014282228},"rotation":{"x":0.059790100902318957,"y":0.28348308801651,"z":-0.017711272463202478,"w":0.9569497108459473},"size":22.233110427856447,"orthographic":false}