{"cameraMode":{"drawMode":0,"name":"Shaded","section":"Shading Mode"},"sceneLighting":false,"audioPlay":false,"sceneViewState":{"showFog":true,"showMaterialUpdate":false,"showSkybox":false,"showFlares":true,"showImageEffects":true,"showParticleSystems":true},"in2DMode":false,"pivot":{"x":-0.12025970220565796,"y":1.713515043258667,"z":3.1938464641571047},"rotation":{"x":-0.06641263514757157,"y":0.9256598949432373,"z":-0.19294682145118714,"w":-0.31861358880996706},"size":0.8003905415534973,"orthographic":false}