{"cameraMode":{"drawMode":0,"name":"Shaded","section":"Shading Mode"},"sceneLighting":false,"audioPlay":false,"sceneViewState":{"showFog":true,"showMaterialUpdate":false,"showSkybox":false,"showFlares":true,"showImageEffects":true,"showParticleSystems":true},"in2DMode":false,"pivot":{"x":-0.8396727442741394,"y":4.334600925445557,"z":2.870370864868164},"rotation":{"x":-0.010074852965772152,"y":-0.42002367973327639,"z":-0.004663261119276285,"w":0.9074450135231018},"size":1.4343914985656739,"orthographic":false}