{"cameraMode":{"drawMode":0,"name":"Shaded","section":"Shading Mode"},"sceneLighting":false,"audioPlay":false,"sceneViewState":{"showFog":true,"showMaterialUpdate":false,"showSkybox":false,"showFlares":true,"showImageEffects":true,"showParticleSystems":true},"in2DMode":false,"pivot":{"x":-16.860000610351564,"y":2.869999885559082,"z":35.2599983215332},"rotation":{"x":0.10783816128969193,"y":0.6580371856689453,"z":-0.09602127224206925,"w":0.7390140891075134},"size":1.3114871978759766,"orthographic":false}