{"cameraMode":{"drawMode":0,"name":"Shaded","section":"Shading Mode"},"sceneLighting":false,"audioPlay":false,"sceneViewState":{"showFog":true,"showMaterialUpdate":false,"showSkybox":false,"showFlares":true,"showImageEffects":true,"showParticleSystems":true},"in2DMode":false,"pivot":{"x":-10.540424346923829,"y":8.45682430267334,"z":8.104467391967774},"rotation":{"x":0.08570221811532974,"y":0.6821333765983582,"z":-0.08100403100252152,"w":0.7216813564300537},"size":3.4300737380981447,"orthographic":false}