{"cameraMode":{"drawMode":0,"name":"Shaded","section":"Shading Mode"},"sceneLighting":false,"audioPlay":false,"sceneViewState":{"showFog":true,"showMaterialUpdate":false,"showSkybox":false,"showFlares":true,"showImageEffects":true,"showParticleSystems":true},"in2DMode":false,"pivot":{"x":35.599998474121097,"y":1.0770001411437989,"z":12.600000381469727},"rotation":{"x":0.20273910462856294,"y":0.5415019392967224,"z":-0.13648037612438203,"w":0.8043914437294006},"size":1.3114871978759766,"orthographic":false}